INSERT INTO ALLIANCE VALUES	('SkyTeam','2000-02-03'),
							('Star Alliance','2003-07-15'), 
							('OneWorld','2001-08-12'),
							('Island','2005-05-24'),
							('Phony','2003-07-17'),
							('Flyers','2011-12-02'),
							('WorldFly','2021-10-22'),
							('Avi','2015-10-15'),
							('Aviación','2000-03-02'),
							('Brutus','1997-08-11');

INSERT INTO AIRLINE VALUES  ('Mama Airline','95451531','Brutus'),
							('Kenya Airways','5123456789','SkyTeam'),
							('British Airways','2123456789','OneWorld'),
							('KLM Royal Dutch Airlines','63456789','SkyTeam'),
							('Delta Airlines','9123456789','SkyTeam'),
							('China Airlines','61256789','SkyTeam'),
							('Qatar Airways','4123456789','OneWorld'),
							('Qantas Airways','6123456789','OneWorld'),
							('Air Canada','7123456789','Star Alliance'),
							('LOT Polish Airlines','123456789','Star Alliance'),
							('Singapore Airlines','321256789','Star Alliance'),
							('Ethiopian Airlines','5123456789','Star Alliance');

INSERT INTO OWNERS VALUES	('The Vanguard Group, Inc.','7000000000000'),
							('Blackrock, Inc','9000000000000'),
							('Government Of Kenya','106040000000'),
							('Government Of France','3100000000000'),
							('China Airlines Group','228421000000'),
							('First Sentier Investor','180000000000'),
							('Government of Qatar','206220000000'),
							('JP Morgan','3600000000000'),
							('Government of Poland','1400000000000'),
							('CITIBANK','222000000000'),
							('International Airlines Group','4040000000'),
							('Government Of Ethiopia','110000000000');

INSERT INTO OWNERS_AND_AIRLINES VALUES	((SELECT OwnerID FROM OWNERS WHERE OwnerName = 'The Vanguard Group, Inc.'),'Delta Airlines'),
										((SELECT OwnerID FROM OWNERS WHERE OwnerName = 'Blackrock, Inc'),'Delta Airlines'),
										((SELECT OwnerID FROM OWNERS WHERE OwnerName = 'International Airlines Group'),'British Airways'),
										((SELECT OwnerID FROM OWNERS WHERE OwnerName = 'Government Of France'),'KLM Royal Dutch Airlines'),
										((SELECT OwnerID FROM OWNERS WHERE OwnerName = 'China Airlines Group'),'China Airlines'),
										((SELECT OwnerID FROM OWNERS WHERE OwnerName = 'First Sentier Investor'),'Qantas Airways'),
										((SELECT OwnerID FROM OWNERS WHERE OwnerName = 'The Vanguard Group, Inc.'),'Kenya Airways'),
										((SELECT OwnerID FROM OWNERS WHERE OwnerName = 'Government Of Kenya'),'Kenya Airways'),
										((SELECT OwnerID FROM OWNERS WHERE OwnerName = 'Government of Qatar'),'Qatar Airways'),
										((SELECT OwnerID FROM OWNERS WHERE OwnerName = 'JP Morgan'),'Air Canada'),
										((SELECT OwnerID FROM OWNERS WHERE OwnerName = 'Government of Poland'),'LOT Polish Airlines'),
										((SELECT OwnerID FROM OWNERS WHERE OwnerName = 'CITIBANK'),'Singapore Airlines'),
										((SELECT OwnerID FROM OWNERS WHERE OwnerName = 'Government Of Ethiopia'),'Ethiopian Airlines'),
										((SELECT OwnerID FROM OWNERS WHERE OwnerName = 'Blackrock, Inc'),'Mama Airline'),
										((SELECT OwnerID FROM OWNERS WHERE OwnerName = 'Blackrock, Inc'),'British Airways'),
										((SELECT OwnerID FROM OWNERS WHERE OwnerName = 'Blackrock, Inc'),'KLM Royal Dutch Airlines'),
										((SELECT OwnerID FROM OWNERS WHERE OwnerName = 'Blackrock, Inc'),'China Airlines'),
										((SELECT OwnerID FROM OWNERS WHERE OwnerName = 'Blackrock, Inc'),'Qantas Airways'),
										((SELECT OwnerID FROM OWNERS WHERE OwnerName = 'Blackrock, Inc'),'Kenya Airways'),
										((SELECT OwnerID FROM OWNERS WHERE OwnerName = 'Blackrock, Inc'),'Qatar Airways'),
										((SELECT OwnerID FROM OWNERS WHERE OwnerName = 'Blackrock, Inc'),'Air Canada'),
										((SELECT OwnerID FROM OWNERS WHERE OwnerName = 'Blackrock, Inc'),'LOT Polish Airlines'),
										((SELECT OwnerID FROM OWNERS WHERE OwnerName = 'Blackrock, Inc'),'Singapore Airlines'),
										((SELECT OwnerID FROM OWNERS WHERE OwnerName = 'Blackrock, Inc'),'Ethiopian Airlines');

INSERT INTO ADDRESSES VALUES	('Shanghai','1027 Changning Road','China','20-126'),
								('Toyoyama','Nishikasugai-gun','Japan','80-287'),
								('Chicago','100 North Riverside Plaza','United States of America','60-606'),
								('Toulouse','Rdpt Pierre Guillaumat','France','31-100'),
								('Montreal','400 ch de la Côte-Vertu Dorval','Canada','45-189'),
								('Kansas','E Central Ave Wichita','United States of America','10-511'),
								('Kansas','1 Cessna Blvd','United States of America','67-215'),
								('Moscow','Ulansky side-street','Russia','10-100'),
								('Sao Paulo','Avenida Brigadeiro Faria Lima','Brazil','27-901'),
								('Gdansk','Avenida Brigadeiro Faria Lima','Poland','27-501'),
								('Victoria','43 Airfield Road','Australia','31-844');

INSERT INTO PRODUCER VALUES	('Boeing','1916-07-15',(SELECT AddressID FROM ADDRESSES WHERE PostalCode = '60-606')),
							('Airbus','1970-12-18',(SELECT AddressID FROM ADDRESSES WHERE PostalCode = '31-100')),
							('Bombardier','1942-06-10',(SELECT AddressID FROM ADDRESSES WHERE PostalCode = '45-189')),
							('Beechcraft','1932-01-01',(SELECT AddressID FROM ADDRESSES WHERE PostalCode = '10-511')),
							('Cessna','1927-01-01',(SELECT AddressID FROM ADDRESSES WHERE PostalCode = '67-215')),
							('United Aircraft Corporation','2006-02-25',(SELECT AddressID FROM ADDRESSES WHERE PostalCode = '10-100')),
							('Embraer','1969-08-19',(SELECT AddressID FROM ADDRESSES WHERE PostalCode = '27-901')),
							('Comac','2008-05-11',(SELECT AddressID FROM ADDRESSES WHERE PostalCode = '20-126')),
							('Mitsubishi Aircraft Cooperation','2008-04-01',(SELECT AddressID FROM ADDRESSES WHERE PostalCode = '80-287')),
							--('GippsAero','1977-09-19',(SELECT AddressID FROM ADDRESSES WHERE PostalCode = '31-844')),
							('GippsAero','1977-09-19',IDENT_CURRENT( 'ADDRESSES' ));

INSERT INTO MODEL VALUES	('777-200','Boeing 777-200','304420000.00','1997-11-01','945','51.2','440',(SELECT ProducerID FROM PRODUCER WHERE ProducerName = 'Boeing')),
							('ARJ21-700','COMAC ARJ21-700','103920010.50','2009-01-01','870','8.9','90',(SELECT ProducerID FROM PRODUCER WHERE ProducerName = 'Comac')),
							('A350-1000','Airbus A350-1000','414420000.00','2016-10-11','945','41.2','475',(SELECT ProducerID FROM PRODUCER WHERE ProducerName = 'Airbus')),
							('CRJ-1000','Bombardier CRJ-1000','104420000.00','2008-04-07','870','11.9','100',(SELECT ProducerID FROM PRODUCER WHERE ProducerName = 'Bombardier')),
							('King Air 350','Beechcraft King Air 350','004420000.50','1963-01-29','580','1.8','15',(SELECT ProducerID FROM PRODUCER WHERE ProducerName = 'Beechcraft')),
							('404 Titan','Cessna 404 Titan','005420000.00','1975-06-28','430','1.3','11',(SELECT ProducerID FROM PRODUCER WHERE ProducerName = 'Cessna')),
							('Е195-Е2','Embraer Е195-Е2','164420000.00','2017-07-15','900','16.2','146',(SELECT ProducerID FROM PRODUCER WHERE ProducerName = 'Embraer')),
							('SpaceJet M90','Mitsubishi SpaceJet M90','024420000.00','2015-02-05','905','18.2','88',(SELECT ProducerID FROM PRODUCER WHERE ProducerName = 'Mitsubishi Aircraft Cooperation')),
							('GA8 Airvan','GippsAero GA8 Airvan','000420000.00','1995-11-01','241','0.8','7',(SELECT ProducerID FROM PRODUCER WHERE ProducerName = 'GippsAero')),
							('MC-21-400 ','Irkut MC-21-400 ','085520000.75','1997-11-01','900','25.6','212',(SELECT ProducerID FROM PRODUCER WHERE ProducerName = 'United Aircraft Corporation')),
							('777-300','Boeing 777-300','305520000.00','1997-11-01','945','66.1','550',(SELECT ProducerID FROM PRODUCER WHERE ProducerName = 'Boeing'));

INSERT INTO PLANE VALUES	('5Y-KYA','2016','Kenya Airways','777-300'),
							('7B-BAW','2015','British Airways','777-200'),
							('8B-BAW','2015','British Airways','777-200'),
							('7K-KYA','2016','Kenya Airways','777-200'),
							('3F-KLM','2011','KLM Royal Dutch Airlines','A350-1000'),
							('5K-MAM','1970','Mama Airline','GA8 Airvan'),
							('3Q-QAA','2015','Qatar Airways','CRJ-1000'),
							('2D-QAW','1980','Qantas Airways','King Air 350'),
							('7V-AAC','2000','Air Canada','404 Titan'),
							('7B-AAC','2010','Air Canada','777-300'),
							('4P-LOT','2018','LOT Polish Airlines','Е195-Е2'),
							('8J-SAA','2005','Singapore Airlines','MC-21-400'),
							('5E-EAA','2018','Ethiopian Airlines','A350-1000'),
							('B8-CAL','2016','China Airlines','ARJ21-700');

INSERT INTO AIRPORT VALUES	('HKJK', 'Jomo Kenyatta International Airport','Nairobi'),
							('HKLU','Manda Airstrip','Lamu'),
							('EGLL', 'London Heathrow Airport','London'),
							('KJFK','John F Kennedy International Airport','New York'),
							('YSSY','Sydney Kingsford Smith International Airport','Sydney'),
							('CYYZ','Toronto Pearson International Airport','Toronto'),
							('MMMX','Mexico City International Airport','Mexico'),
							('ZBAA','Beijing Capital International Airport','Beijing'),
							('WSSS','Singapore Changi Airport','Singapore'),
							('DGAA','Kotoka International Airport','Accra'),
							('FBSK','Sir Seretse Khama International Airport','Gaborone'),
							('EPWA','Warsaw Chopin Airport','Warsaw'),
							('HLLT','Tripoli International Airport','Tripoli'),
							('OMDB','Dubai International Airport','Dubai'),
							('SCEL','Arturo Merino Benítez International Airport','Santiago');

INSERT INTO FLIGHT VALUES	('KQ 1234','HKJK','EGLL','12:30:00','05:30:00'),
							--('AC 5223','CYYZ','SCEL','07:28:24','15:27:51'),
							('AC 9854','CYYZ','EPWA','08:03:32','16:24:55'),
							('BA 4321','EGLL','HKJK','21:22:06','03:14:14'),
							('CA 8781','FBSK','ZBAA','16:27:16','01:17:37'),
							('ET 9673','DGAA','HLLT','14:18:52','22:31:59'),
							('KM 4581','KJFK','EGLL','04:14:44','12:19:56'),
							--('KQ 7964','SCEL','HKJK','19:55:14','03:05:33'),
							('MM 6542','HKLU','HKJK','23:45:16','10:11:34'),
							--('PL 7681','EPWA','HKJK','10:33:48','21:26:24'),
							('QA 8663','OMDB','WSSS','14:15:17','18:28:38'),
							('KQ 7964','OMDB','HKJK','12:45:34','19:22:31'),
							('AC 5223','OMDB','SCEL','15:15:48','22:35:11'),
							('PL 7681','OMDB','EPWA','13:08:52','17:48:26'),
							('QN 9420','YSSY','ZBAA','05:06:43','09:33:25'),
							('SA 6381','WSSS','ZBAA','12:04:55','18:51:49');

INSERT INTO FLIGHT_AND_PLANES VALUES	('5Y-KYA','KQ 1234'),
										('2D-QAW','QN 9420'),
										('3F-KLM','KM 4581'),
										('3Q-QAA','QA 8663'),
										('4P-LOT','PL 7681'),
										('5E-EAA','ET 9673'),
										('5K-MAM','MM 6542'),
										('7B-BAW','BA 4321'),
										('7V-AAC','AC 9854'),
										('8J-SAA','SA 6381'),
										('B8-CAL','CA 8781'),
										('7K-KYA','KQ 7964'),
										('7B-AAC','AC 5223');

